drug_id,drug_name,molecule_types,first_approval,approved_crohn_chembl,approved_crohn_label_or_regulator,known_crohn_indication,has_curated_moa,has_human_moa,linked_nc_genes,linked_genetic_genes,direction_assessable_genes,direction_consistency,human_moa_signature,matched_crohn_trial_count,genetic_score,combined_score,direction_score,genetic_rank,combined_rank,direction_rank
CHEMBL2111100,MIFAMURTIDE ACID,"[""Small molecule""]",2009,False,False,False,True,True,"[""NOD2""]","[""NOD2""]",[],[],"[[""CHEMBL1293266"", ""OTHER""]]",0,0.9432615475464939,0.7821195908763987,0.7821195908763987,1,1,1
CHEMBL2108681,TILDRAKIZUMAB,"[""Antibody""]",2018,False,False,False,True,True,"[""IL12B"", ""IL23A""]","[""IL12B""]",[],[],"[[""CHEMBL2364154"", ""INHIBITOR""]]",0,0.9248409926037888,0.7398727940830311,0.7398727940830311,2,2,2
CHEMBL1789941,RUXOLITINIB,"[""Small molecule""]",2011,False,False,False,True,True,"[""JAK2"", ""JAK3"", ""TYK2""]","[""JAK2"", ""TYK2""]",[],[],"[[""CHEMBL2148"", ""INHIBITOR""], [""CHEMBL2835"", ""INHIBITOR""], [""CHEMBL2971"", ""INHIBITOR""], [""CHEMBL3553"", ""INHIBITOR""]]",0,0.8618771110824588,0.6895016888659671,0.6895016888659671,3,3,3
CHEMBL221959,TOFACITINIB,"[""Small molecule""]",2012,False,False,False,True,True,"[""JAK2"", ""JAK3"", ""TYK2""]","[""JAK2"", ""TYK2""]",[],[],"[[""CHEMBL2363062"", ""INHIBITOR""]]",4,0.8618771110824588,0.6895016888659671,0.6895016888659671,4,4,4
CHEMBL3137308,PEFICITINIB,"[""Small molecule""]",2019,False,False,False,True,True,"[""JAK2"", ""JAK3"", ""TYK2""]","[""JAK2"", ""TYK2""]",[],[],"[[""CHEMBL2363062"", ""INHIBITOR""]]",0,0.8618771110824588,0.6895016888659671,0.6895016888659671,5,5,5
CHEMBL3301607,FILGOTINIB,"[""Small molecule""]",2020,False,False,False,True,True,"[""JAK2"", ""JAK3"", ""TYK2""]","[""JAK2"", ""TYK2""]",[],[],"[[""CHEMBL2148"", ""INHIBITOR""], [""CHEMBL2835"", ""INHIBITOR""], [""CHEMBL2971"", ""INHIBITOR""], [""CHEMBL3553"", ""INHIBITOR""]]",5,0.8618771110824588,0.6895016888659671,0.6895016888659671,6,6,6
CHEMBL4596392,CRAVACITINIB,"[""Small molecule""]",2022,False,False,False,True,True,"[""TYK2""]","[""TYK2""]",[],[],"[[""CHEMBL3553"", ""NEGATIVE ALLOSTERIC MODULATOR""]]",2,0.8618771110824588,0.6895016888659671,0.6895016888659671,7,7,7
CHEMBL1201438,ALDESLEUKIN,"[""Protein""]",1992,False,False,False,True,True,"[""IL2RA"", ""IL2RB"", ""IL2RG""]","[""IL2RA""]",[],[],"[[""CHEMBL2364167"", ""AGONIST""]]",3,0.8030806298691048,0.6542088720310691,0.6542088720310691,12,8,8
CHEMBL1201439,BASILIXIMAB,"[""Antibody""]",1998,False,False,False,True,True,"[""IL2RA"", ""IL2RB"", ""IL2RG""]","[""IL2RA""]",[],[],"[[""CHEMBL2364167"", ""INHIBITOR""]]",0,0.8030806298691048,0.6542088720310691,0.6542088720310691,13,9,9
CHEMBL1201550,DENILEUKIN DIFTITOX,"[""Protein""]",1999,False,False,False,True,True,"[""IL2RA"", ""IL2RB"", ""IL2RG""]","[""IL2RA""]",[],[],"[[""CHEMBL1795108"", ""INHIBITOR""], [""CHEMBL2364167"", ""BINDING AGENT""]]",0,0.8030806298691048,0.6542088720310691,0.6542088720310691,14,10,10
CHEMBL1078178,MOMELOTINIB,"[""Small molecule""]",2023,False,False,False,True,True,"[""JAK2""]","[""JAK2""]",[],[],"[[""CHEMBL2835"", ""INHIBITOR""], [""CHEMBL2971"", ""INHIBITOR""], [""CHEMBL5903"", ""INHIBITOR""]]",0,0.8162692203864558,0.6530153763091646,0.6530153763091646,8,11,11
CHEMBL1287853,FEDRATINIB,"[""Small molecule""]",2019,False,False,False,True,True,"[""JAK2""]","[""JAK2""]",[],[],"[[""CHEMBL1974"", ""INHIBITOR""], [""CHEMBL2971"", ""INHIBITOR""]]",0,0.8162692203864558,0.6530153763091646,0.6530153763091646,9,12,12
CHEMBL2035187,PACRITINIB,"[""Small molecule""]",2022,False,False,False,True,True,"[""JAK2""]","[""JAK2""]",[],[],"[[""CHEMBL1974"", ""INHIBITOR""], [""CHEMBL2971"", ""INHIBITOR""], [""CHEMBL3357"", ""INHIBITOR""], [""CHEMBL5903"", ""INHIBITOR""]]",0,0.8162692203864558,0.6530153763091646,0.6530153763091646,10,13,13
CHEMBL2105759,BARICITINIB,"[""Small molecule""]",2017,False,False,False,True,True,"[""JAK2""]","[""JAK2""]",[],[],"[[""CHEMBL2835"", ""INHIBITOR""], [""CHEMBL2971"", ""INHIBITOR""]]",0,0.8162692203864558,0.6530153763091646,0.6530153763091646,11,14,14
CHEMBL1201564,INTERFERON GAMMA-1B,"[""Protein""]",1999,False,False,False,True,True,"[""IFNGR2""]","[""IFNGR2""]",[],[],"[[""CHEMBL2364171"", ""AGONIST""]]",0,0.78076964034253,0.6246157122740241,0.6246157122740241,15,15,15
CHEMBL548,DINOPROSTONE,"[""Small molecule""]",1977,False,False,False,True,True,"[""PTGER1"", ""PTGER4""]","[""PTGER4""]",[],[],"[[""CHEMBL2363068"", ""AGONIST""]]",0,0.6965303542404712,0.557224283392377,0.557224283392377,16,16,16
CHEMBL1201670,SARGRAMOSTIM,"[""Protein""]",1991,False,False,False,True,True,"[""CSF2RA"", ""CSF2RB""]","[""CSF2RB""]",[],[],"[[""CHEMBL2364169"", ""AGONIST""]]",0,0.5988383185205964,0.4855826750367437,0.4855826750367437,21,17,17
CHEMBL1237023,DENOSUMAB,"[""Antibody""]",2010,False,False,False,True,True,"[""TNFSF11""]","[""TNFSF11""]",[],[],"[[""CHEMBL2364162"", ""INHIBITOR""]]",1,0.6013371868747266,0.4810697494997813,0.4810697494997813,17,18,18
CHEMBL1237022,TOCILIZUMAB,"[""Antibody""]",2005,False,False,False,True,True,"[""IL6R""]","[""IL6R""]",[],[],"[[""CHEMBL2364155"", ""INHIBITOR""]]",0,0.6001553841847747,0.48012430734781975,0.48012430734781975,18,19,19
CHEMBL2108730,SARILUMAB,"[""Antibody""]",2017,False,False,False,True,True,"[""IL6R""]","[""IL6R""]",[],[],"[[""CHEMBL2364155"", ""ANTAGONIST""]]",0,0.6001553841847747,0.48012430734781975,0.48012430734781975,19,20,20
CHEMBL3833307,SATRALIZUMAB,"[""Antibody""]",2020,False,False,False,True,True,"[""IL6R"", ""IL6ST""]","[""IL6R"", ""IL6ST""]",[],[],"[[""CHEMBL3137266"", ""ANTAGONIST""]]",0,0.6001553841847747,0.48012430734781975,0.48012430734781975,20,21,21
CHEMBL284348,DALFAMPRIDINE,"[""Small molecule""]",2010,False,False,False,True,True,"[""KCNA1"", ""KCNA5"", ""KCNB1"", ""KCND3"", ""KCNG1"", ""KCNG2"", ""KCNG3"", ""KCNH2"", ""KCNH5"", ""KCNH6"", ""KCNH7"", ""KCNH8"", ""KCNQ2""]","[""KCNG2"", ""KCNH8""]",[],[],"[[""CHEMBL2362996"", ""BLOCKER""]]",0,0.5963435315821193,0.47707482526569545,0.47707482526569545,22,22,22
CHEMBL354077,AMIFAMPRIDINE,"[""Small molecule""]",2009,False,False,False,True,True,"[""KCNA1"", ""KCNA5"", ""KCNB1"", ""KCND3"", ""KCNG1"", ""KCNG2"", ""KCNG3"", ""KCNH2"", ""KCNH5"", ""KCNH6"", ""KCNH7"", ""KCNH8"", ""KCNQ2""]","[""KCNG2"", ""KCNH8""]",[],[],"[[""CHEMBL2362996"", ""BLOCKER""]]",0,0.5963435315821193,0.47707482526569545,0.47707482526569545,23,23,23
CHEMBL821,GUANIDINE,"[""Small molecule""]",1939,False,False,False,True,True,"[""KCNA1"", ""KCNA5"", ""KCNB1"", ""KCND3"", ""KCNG1"", ""KCNG2"", ""KCNG3"", ""KCNH2"", ""KCNH5"", ""KCNH6"", ""KCNH7"", ""KCNH8"", ""KCNQ2""]","[""KCNG2"", ""KCNH8""]",[],[],"[[""CHEMBL2362996"", ""BLOCKER""]]",0,0.5963435315821193,0.47707482526569545,0.47707482526569545,24,24,24
CHEMBL608533,MIDOSTAURIN,"[""Small molecule""]",2017,False,False,False,True,True,"[""KDR"", ""PDGFRB"", ""PRKCB"", ""PRKCD""]","[""PRKCB"", ""PRKCD""]",[],[],"[[""CHEMBL1936"", ""INHIBITOR""], [""CHEMBL1974"", ""INHIBITOR""], [""CHEMBL2093867"", ""INHIBITOR""], [""CHEMBL2095189"", ""INHIBITOR""], [""CHEMBL279"", ""INHIBITOR""]]",0,0.5428553920561162,0.43846607467391685,0.43846607467391685,25,25,25
CHEMBL325041,BORTEZOMIB,"[""Small molecule""]",2003,False,False,False,True,True,"[""PSMA6"", ""PSMB8"", ""PSMB9""]","[""PSMA6""]",[],[],"[[""CHEMBL2364701"", ""INHIBITOR""]]",0,0.5367027789988335,0.4293622231990668,0.4293622231990668,26,26,26
CHEMBL3545432,IXAZOMIB CITRATE,"[""Small molecule""]",2015,False,False,False,True,True,"[""PSMA6"", ""PSMB8"", ""PSMB9""]","[""PSMA6""]",[],[],"[[""CHEMBL2364701"", ""INHIBITOR""]]",0,0.5367027789988335,0.4293622231990668,0.4293622231990668,27,27,27
CHEMBL451887,CARFILZOMIB,"[""Protein""]",2009,False,False,False,True,True,"[""PSMA6"", ""PSMB8"", ""PSMB9""]","[""PSMA6""]",[],[],"[[""CHEMBL2364701"", ""INHIBITOR""]]",0,0.5367027789988335,0.4293622231990668,0.4293622231990668,28,28,28
CHEMBL4297517,MAVACAMTEN,"[""Small molecule""]",2022,False,False,False,True,True,"[""MYL2""]","[""MYL2""]",[],[],"[[""CHEMBL3831286"", ""INHIBITOR""]]",0,0.5170942213448574,0.4136753770758859,0.4136753770758859,29,29,29
CHEMBL1201129,DECITABINE,"[""Small molecule""]",2006,False,False,False,True,True,"[""DNMT3A""]","[""DNMT3A""]",[],[],"[[""CHEMBL1992"", ""INHIBITOR""], [""CHEMBL1993"", ""INHIBITOR""]]",0,0.5010332484856818,0.40082659878854543,0.40082659878854543,30,30,30
CHEMBL1489,AZACITIDINE,"[""Small molecule""]",2004,False,False,False,True,True,"[""DNMT3A""]","[""DNMT3A""]",[],[],"[[""CHEMBL1992"", ""INHIBITOR""], [""CHEMBL1993"", ""INHIBITOR""]]",0,0.5010332484856818,0.40082659878854543,0.40082659878854543,31,31,31
CHEMBL1213492,GIVINOSTAT,"[""Small molecule""]",2024,False,False,False,True,True,"[""HDAC7""]","[""HDAC7""]",[],[],"[[""CHEMBL2093865"", ""INHIBITOR""]]",1,0.4839866926943743,0.38718935415549943,0.38718935415549943,32,32,32
CHEMBL343448,ROMIDEPSIN,"[""Protein""]",2009,False,False,False,True,True,"[""HDAC7""]","[""HDAC7""]",[],[],"[[""CHEMBL2093865"", ""INHIBITOR""]]",0,0.4839866926943743,0.38718935415549943,0.38718935415549943,33,33,33
CHEMBL408513,BELINOSTAT,"[""Small molecule""]",2014,False,False,False,True,True,"[""HDAC7""]","[""HDAC7""]",[],[],"[[""CHEMBL2093865"", ""INHIBITOR""]]",0,0.4839866926943743,0.38718935415549943,0.38718935415549943,34,34,34
CHEMBL483254,PANOBINOSTAT,"[""Small molecule""]",2015,False,False,False,True,True,"[""HDAC7""]","[""HDAC7""]",[],[],"[[""CHEMBL2093865"", ""INHIBITOR""]]",0,0.4839866926943743,0.38718935415549943,0.38718935415549943,35,35,35
CHEMBL256997,ATALUREN,"[""Small molecule""]",2014,False,False,False,True,True,"[""RPL21"", ""RPL3"", ""RPL37"", ""RPS26"", ""RPS9""]","[""RPL21"", ""RPL3"", ""RPL37"", ""RPS26"", ""RPS9""]",[],[],"[[""CHEMBL3987582"", ""MODULATOR""]]",0,0.4446314648965719,0.35570517191725753,0.35570517191725753,36,36,36
CHEMBL2107873,VONICOG ALFA,"[""Protein""]",2018,False,False,False,True,True,"[""VWF""]","[""VWF""]",[],[],"[[""CHEMBL2021748"", ""EXOGENOUS PROTEIN""]]",0,0.33195960480490044,0.30798244860177326,0.30798244860177326,37,37,37
CHEMBL2109624,CAPLACIZUMAB,"[""Antibody""]",2018,False,False,False,True,True,"[""VWF""]","[""VWF""]",[],[],"[[""CHEMBL2021748"", ""INHIBITOR""]]",0,0.33195960480490044,0.30798244860177326,0.30798244860177326,38,38,38
CHEMBL4298126,VON WILLEBRAND FACTOR HUMAN,"[""Unknown""]",2013,False,False,False,True,True,"[""VWF""]","[""VWF""]",[],[],"[[""CHEMBL2021748"", ""EXOGENOUS PROTEIN""]]",0,0.33195960480490044,0.30798244860177326,0.30798244860177326,39,39,39
CHEMBL225072,PEMETREXED,"[""Small molecule""]",2004,False,False,False,True,True,"[""GART""]","[""GART""]",[],[],"[[""CHEMBL1952"", ""INHIBITOR""], [""CHEMBL202"", ""INHIBITOR""], [""CHEMBL3972"", ""INHIBITOR""]]",0,0.31882365656253564,0.25505892525002855,0.25505892525002855,40,40,40
CHEMBL1493,FLAVOXATE,"[""Small molecule""]",1970,False,False,False,True,True,"[""PDE4A"", ""PDE4B"", ""PDE4D"", ""PDE8A""]","[""PDE4A"", ""PDE4D"", ""PDE8A""]",[],[],"[[""CHEMBL2093863"", ""INHIBITOR""], [""CHEMBL2111411"", ""INHIBITOR""], [""CHEMBL2363067"", ""INHIBITOR""]]",0,0.313763514035714,0.2510108112285712,0.2510108112285712,41,41,41
CHEMBL628,PENTOXIFYLLINE,"[""Small molecule""]",1984,False,False,False,True,True,"[""ADORA2B"", ""PDE10A"", ""PDE4A"", ""PDE4B"", ""PDE4D"", ""PDE6A"", ""PDE8A""]","[""PDE4A"", ""PDE4D"", ""PDE8A""]",[],[],"[[""CHEMBL2094257"", ""ANTAGONIST""], [""CHEMBL2363066"", ""INHIBITOR""]]",1,0.313763514035714,0.2510108112285712,0.2510108112285712,42,42,42
CHEMBL932,DIPYRIDAMOLE,"[""Small molecule""]",1961,False,False,False,True,True,"[""PDE10A"", ""PDE4A"", ""PDE4B"", ""PDE4D"", ""PDE6A"", ""PDE8A""]","[""PDE4A"", ""PDE4D"", ""PDE8A""]",[],[],"[[""CHEMBL1997"", ""INHIBITOR""], [""CHEMBL2363066"", ""INHIBITOR""]]",0,0.313763514035714,0.2510108112285712,0.2510108112285712,43,43,43
CHEMBL1201420,UROKINASE,"[""Enzyme""]",1982,False,False,False,True,True,"[""PLAU""]","[""PLAU""]",[],[],"[[""CHEMBL3286"", ""EXOGENOUS PROTEIN""]]",0,0.23764418055094688,0.2480534066486499,0.2480534066486499,51,44,44
CHEMBL1201520,UROFOLLITROPIN,"[""Unknown""]",1986,False,False,False,True,True,"[""FSHR""]","[""FSHR""]",[],[],"[[""CHEMBL2024"", ""AGONIST""]]",0,0.2501426920084372,0.20011415360674978,0.20011415360674978,44,45,45
CHEMBL1201692,FOLLITROPIN ALFA,"[""Protein""]",1995,False,False,False,True,True,"[""FSHR""]","[""FSHR""]",[],[],"[[""CHEMBL2024"", ""AGONIST""]]",0,0.2501426920084372,0.20011415360674978,0.20011415360674978,45,46,46
CHEMBL2108185,CORIFOLLITROPIN ALFA,"[""Protein""]",2010,False,False,False,True,True,"[""FSHR""]","[""FSHR""]",[],[],"[[""CHEMBL2024"", ""AGONIST""]]",0,0.2501426920084372,0.20011415360674978,0.20011415360674978,46,47,47
CHEMBL2108427,MENOTROPINS,"[""Protein""]",1975,False,False,False,True,True,"[""FSHR""]","[""FSHR""]",[],[],"[[""CHEMBL1854"", ""AGONIST""], [""CHEMBL2024"", ""AGONIST""]]",0,0.2501426920084372,0.20011415360674978,0.20011415360674978,47,48,48
CHEMBL4297955,FOLLITROPIN,"[""Unknown""]",1982,False,False,False,True,True,"[""FSHR""]","[""FSHR""]",[],[],"[[""CHEMBL2024"", ""AGONIST""]]",0,0.2501426920084372,0.20011415360674978,0.20011415360674978,48,49,49
CHEMBL5315064,FOLLITROPIN DELTA,"[""Protein""]",2016,False,False,False,True,True,"[""FSHR""]","[""FSHR""]",[],[],"[[""CHEMBL2024"", ""AGONIST""]]",0,0.2501426920084372,0.20011415360674978,0.20011415360674978,49,50,50
CHEMBL5315126,FOLLITROPIN BETA,"[""Protein""]",1996,False,False,False,True,True,"[""FSHR""]","[""FSHR""]",[],[],"[[""CHEMBL2024"", ""AGONIST""]]",0,0.2501426920084372,0.20011415360674978,0.20011415360674978,50,51,51
CHEMBL1096,AMLEXANOX,"[""Small molecule""]",1996,False,False,False,True,True,"[""PDE4A"", ""PDE4B"", ""PDE4D""]","[""PDE4A"", ""PDE4D""]",[],[],"[[""CHEMBL2093863"", ""INHIBITOR""]]",0,0.23243057389068916,0.18594445911255134,0.18594445911255134,52,52,52
CHEMBL1208646,THEOPHYLLINE GLYCINATE,"[""Small molecule""]",1982,False,False,False,True,True,"[""ADORA2B"", ""ADORA3"", ""PDE4A"", ""PDE4B"", ""PDE4D""]","[""PDE4A"", ""PDE4D""]",[],[],"[[""CHEMBL2093863"", ""INHIBITOR""], [""CHEMBL2094125"", ""INHIBITOR""], [""CHEMBL2111329"", ""ANTAGONIST""]]",0,0.23243057389068916,0.18594445911255134,0.18594445911255134,53,53,53
CHEMBL1752,DYPHYLLINE,"[""Small molecule""]",1951,False,False,False,True,True,"[""PDE4A"", ""PDE4B"", ""PDE4D""]","[""PDE4A"", ""PDE4D""]",[],[],"[[""CHEMBL2093863"", ""INHIBITOR""], [""CHEMBL241"", ""INHIBITOR""]]",0,0.23243057389068916,0.18594445911255134,0.18594445911255134,54,54,54
CHEMBL190,THEOPHYLLINE ANHYDROUS,"[""Protein"", ""Small molecule""]",1940,False,False,False,True,True,"[""ADORA2B"", ""ADORA3"", ""PDE4A"", ""PDE4B"", ""PDE4D""]","[""PDE4A"", ""PDE4D""]",[],[],"[[""CHEMBL2093863"", ""INHIBITOR""], [""CHEMBL2094125"", ""INHIBITOR""], [""CHEMBL2111329"", ""ANTAGONIST""]]",0,0.23243057389068916,0.18594445911255134,0.18594445911255134,55,55,55
CHEMBL193240,ROFLUMILAST,"[""Small molecule""]",2010,False,False,False,True,True,"[""PDE4A"", ""PDE4B"", ""PDE4D""]","[""PDE4A"", ""PDE4D""]",[],[],"[[""CHEMBL2093863"", ""INHIBITOR""]]",0,0.23243057389068916,0.18594445911255134,0.18594445911255134,56,56,56
CHEMBL19449,IBUDILAST,"[""Small molecule""]",1989,False,False,False,True,True,"[""PDE10A"", ""PDE4A"", ""PDE4B"", ""PDE4D""]","[""PDE4A"", ""PDE4D""]",[],[],"[[""CHEMBL1827"", ""INHIBITOR""], [""CHEMBL2093863"", ""INHIBITOR""], [""CHEMBL241"", ""INHIBITOR""], [""CHEMBL4409"", ""INHIBITOR""]]",0,0.23243057389068916,0.18594445911255134,0.18594445911255134,57,57,57
CHEMBL4594287,ENSIFENTRINE,"[""Small molecule""]",2024,False,False,False,True,True,"[""PDE4A"", ""PDE4B"", ""PDE4D""]","[""PDE4A"", ""PDE4D""]",[],[],"[[""CHEMBL2093863"", ""INHIBITOR""], [""CHEMBL2094125"", ""INHIBITOR""]]",0,0.23243057389068916,0.18594445911255134,0.18594445911255134,58,58,58
CHEMBL484785,CRISABOROLE,"[""Small molecule""]",2016,False,False,False,True,True,"[""PDE4A"", ""PDE4B"", ""PDE4D""]","[""PDE4A"", ""PDE4D""]",[],[],"[[""CHEMBL2093863"", ""INHIBITOR""]]",0,0.23243057389068916,0.18594445911255134,0.18594445911255134,59,59,59
CHEMBL514800,APREMILAST,"[""Small molecule""]",2014,False,False,False,True,True,"[""PDE4A"", ""PDE4B"", ""PDE4D""]","[""PDE4A"", ""PDE4D""]",[],[],"[[""CHEMBL2093863"", ""INHIBITOR""]]",0,0.23243057389068916,0.18594445911255134,0.18594445911255134,60,60,60
CHEMBL259571,TAPINAROF,"[""Small molecule""]",2022,False,False,False,True,True,"[""AHR""]","[""AHR""]",[],[],"[[""CHEMBL3201"", ""AGONIST""]]",0,0.22006664787153107,0.17605331829722487,0.17605331829722487,61,61,61
CHEMBL1079,TIZANIDINE,"[""Small molecule""]",1996,False,False,False,True,True,"[""ADRA2A"", ""ADRA2C""]","[""ADRA2A""]",[],[],"[[""CHEMBL2095158"", ""AGONIST""]]",0,0.21032116470427323,0.1682569317634186,0.1682569317634186,62,62,62
CHEMBL1201233,METHYLDOPATE,"[""Small molecule""]",1962,False,False,False,True,True,"[""ADRA2A"", ""ADRA2C""]","[""ADRA2A""]",[],[],"[[""CHEMBL2095158"", ""AGONIST""]]",0,0.21032116470427323,0.1682569317634186,0.1682569317634186,63,63,63
CHEMBL1201234,MEPHENTERMINE,"[""Small molecule""]",1951,False,False,False,True,True,"[""ADRA1B"", ""ADRA1D"", ""ADRA2A"", ""ADRA2C"", ""ADRB1""]","[""ADRA2A""]",[],[],"[[""CHEMBL2331074"", ""AGONIST""]]",0,0.21032116470427323,0.1682569317634186,0.1682569317634186,64,64,64
CHEMBL1201262,DIPIVEFRIN,"[""Small molecule""]",1980,False,False,False,True,True,"[""ADRA1B"", ""ADRA1D"", ""ADRA2A"", ""ADRA2C"", ""ADRB1""]","[""ADRA2A""]",[],[],"[[""CHEMBL2331074"", ""AGONIST""]]",0,0.21032116470427323,0.1682569317634186,0.1682569317634186,65,65,65
CHEMBL1201454,ALSEROXYLON,"[""Unknown""]",1982,False,False,False,True,True,"[""ADRA1B"", ""ADRA1D"", ""ADRA2A"", ""ADRA2C""]","[""ADRA2A""]",[],[],"[[""CHEMBL2095203"", ""ANTAGONIST""]]",0,0.21032116470427323,0.1682569317634186,0.1682569317634186,66,66,66
CHEMBL1266,TETRAHYDROZOLINE,"[""Small molecule""]",1979,False,False,False,True,True,"[""ADRA1B"", ""ADRA1D"", ""ADRA2A"", ""ADRA2C""]","[""ADRA2A""]",[],[],"[[""CHEMBL2095203"", ""AGONIST""]]",0,0.21032116470427323,0.1682569317634186,0.1682569317634186,67,67,67
CHEMBL134,CLONIDINE,"[""Small molecule""]",1974,False,False,False,True,True,"[""ADRA2A"", ""ADRA2C""]","[""ADRA2A""]",[],[],"[[""CHEMBL2095158"", ""AGONIST""]]",0,0.21032116470427323,0.1682569317634186,0.1682569317634186,68,68,68
CHEMBL1437,NOREPINEPHRINE,"[""Small molecule""]",1950,False,False,False,True,True,"[""ADRA1B"", ""ADRA1D"", ""ADRA2A"", ""ADRA2C"", ""ADRB1""]","[""ADRA2A""]",[],[],"[[""CHEMBL2331074"", ""AGONIST""]]",0,0.21032116470427323,0.1682569317634186,0.1682569317634186,69,69,69
CHEMBL1546,HYDROXYAMPHETAMINE,"[""Small molecule""]",1969,False,False,False,True,True,"[""ADRA1B"", ""ADRA1D"", ""ADRA2A"", ""ADRA2C"", ""ADRB1""]","[""ADRA2A""]",[],[],"[[""CHEMBL2331074"", ""AGONIST""]]",0,0.21032116470427323,0.1682569317634186,0.1682569317634186,70,70,70
CHEMBL17860,LOFEXIDINE,"[""Small molecule""]",2018,False,False,False,True,True,"[""ADRA2A"", ""ADRA2C""]","[""ADRA2A""]",[],[],"[[""CHEMBL2095158"", ""AGONIST""]]",0,0.21032116470427323,0.1682569317634186,0.1682569317634186,71,71,71
CHEMBL2103827,DROXIDOPA,"[""Small molecule""]",2014,False,False,False,True,True,"[""ADRA1B"", ""ADRA1D"", ""ADRA2A"", ""ADRA2C"", ""ADRB1""]","[""ADRA2A""]",[],[],"[[""CHEMBL2331074"", ""AGONIST""]]",0,0.21032116470427323,0.1682569317634186,0.1682569317634186,72,72,72
CHEMBL211456,EPHEDRINE,"[""Small molecule""]",2016,False,False,False,True,True,"[""ADRA1B"", ""ADRA1D"", ""ADRA2A"", ""ADRA2C"", ""ADRB1""]","[""ADRA2A""]",[],[],"[[""CHEMBL2331074"", ""AGONIST""]]",0,0.21032116470427323,0.1682569317634186,0.1682569317634186,73,73,73
CHEMBL2364968,ERGOLOID,"[""Unknown""]",1953,False,False,False,True,True,"[""ADRA1B"", ""ADRA1D"", ""ADRA2A"", ""ADRA2C"", ""DRD5"", ""HTR1B""]","[""ADRA2A""]",[],[],"[[""CHEMBL1898"", ""AGONIST""], [""CHEMBL2095203"", ""ANTAGONIST""], [""CHEMBL2096905"", ""AGONIST""], [""CHEMBL214"", ""AGONIST""]]",0,0.21032116470427323,0.1682569317634186,0.1682569317634186,74,74,74
CHEMBL27810,CELIPROLOL,"[""Small molecule""]",,False,False,False,True,True,"[""ADRA2A"", ""ADRA2C"", ""ADRB1""]","[""ADRA2A""]",[],[],"[[""CHEMBL2095158"", ""ANTAGONIST""], [""CHEMBL210"", ""PARTIAL AGONIST""], [""CHEMBL213"", ""ANTAGONIST""]]",0,0.21032116470427323,0.1682569317634186,0.1682569317634186,75,75,75
CHEMBL312448,XYLOMETAZOLINE,"[""Small molecule""]",,False,False,False,True,True,"[""ADRA1B"", ""ADRA1D"", ""ADRA2A"", ""ADRA2C""]","[""ADRA2A""]",[],[],"[[""CHEMBL2095203"", ""AGONIST""]]",0,0.21032116470427323,0.1682569317634186,0.1682569317634186,76,76,76
CHEMBL3559672,RAUWOLFIA SERPENTINA,"[""Unknown""]",1954,False,False,False,True,True,"[""ADRA1B"", ""ADRA1D"", ""ADRA2A"", ""ADRA2C""]","[""ADRA2A""]",[],[],"[[""CHEMBL2095203"", ""ANTAGONIST""]]",0,0.21032116470427323,0.1682569317634186,0.1682569317634186,77,77,77
CHEMBL420,GUANABENZ,"[""Small molecule""]",1982,False,False,False,True,True,"[""ADRA2A"", ""ADRA2C""]","[""ADRA2A""]",[],[],"[[""CHEMBL2095158"", ""AGONIST""]]",0,0.21032116470427323,0.1682569317634186,0.1682569317634186,78,78,78
CHEMBL429,LABETALOL,"[""Small molecule""]",1984,False,False,False,True,True,"[""ADRA1B"", ""ADRA1D"", ""ADRA2A"", ""ADRA2C"", ""ADRB1""]","[""ADRA2A""]",[],[],"[[""CHEMBL2331074"", ""ANTAGONIST""]]",0,0.21032116470427323,0.1682569317634186,0.1682569317634186,79,79,79
CHEMBL459,METHYLDOPA,"[""Small molecule""]",1962,False,False,False,True,True,"[""ADRA2A"", ""ADRA2C""]","[""ADRA2A""]",[],[],"[[""CHEMBL2095158"", ""AGONIST""]]",0,0.21032116470427323,0.1682569317634186,0.1682569317634186,80,80,80
CHEMBL597,PHENTOLAMINE,"[""Small molecule""]",1952,False,False,False,True,True,"[""ADRA1B"", ""ADRA1D"", ""ADRA2A"", ""ADRA2C""]","[""ADRA2A""]",[],[],"[[""CHEMBL2095203"", ""ANTAGONIST""]]",0,0.21032116470427323,0.1682569317634186,0.1682569317634186,81,81,81
CHEMBL647,APRACLONIDINE,"[""Small molecule""]",1987,False,False,False,True,True,"[""ADRA2A"", ""ADRA2C""]","[""ADRA2A""]",[],[],"[[""CHEMBL2095158"", ""AGONIST""]]",0,0.21032116470427323,0.1682569317634186,0.1682569317634186,82,82,82
CHEMBL654,MIRTAZAPINE,"[""Small molecule""]",1996,False,False,False,True,True,"[""ADRA2A"", ""ADRA2C""]","[""ADRA2A""]",[],[],"[[""CHEMBL2095158"", ""ANTAGONIST""], [""CHEMBL224"", ""ANTAGONIST""], [""CHEMBL225"", ""ANTAGONIST""]]",0,0.21032116470427323,0.1682569317634186,0.1682569317634186,83,83,83
CHEMBL677,LEVONORDEFRIN,"[""Small molecule""]",1960,False,False,False,True,True,"[""ADRA2A"", ""ADRA2C""]","[""ADRA2A""]",[],[],"[[""CHEMBL2095158"", ""AGONIST""]]",0,0.21032116470427323,0.1682569317634186,0.1682569317634186,84,84,84
CHEMBL679,EPINEPHRINE,"[""Small molecule""]",1965,False,False,False,True,True,"[""ADRA1B"", ""ADRA1D"", ""ADRA2A"", ""ADRA2C"", ""ADRB1""]","[""ADRA2A""]",[],[],"[[""CHEMBL2331074"", ""AGONIST""]]",0,0.21032116470427323,0.1682569317634186,0.1682569317634186,85,85,85
CHEMBL753,PHENOXYBENZAMINE,"[""Small molecule""]",1953,False,False,False,True,True,"[""ADRA1B"", ""ADRA1D"", ""ADRA2A"", ""ADRA2C""]","[""ADRA2A""]",[],[],"[[""CHEMBL2095203"", ""ANTAGONIST""]]",0,0.21032116470427323,0.1682569317634186,0.1682569317634186,86,86,86
CHEMBL761,NAPHAZOLINE,"[""Small molecule""]",1971,False,False,False,True,True,"[""ADRA1B"", ""ADRA1D"", ""ADRA2A"", ""ADRA2C""]","[""ADRA2A""]",[],[],"[[""CHEMBL2095203"", ""AGONIST""]]",0,0.21032116470427323,0.1682569317634186,0.1682569317634186,87,87,87
CHEMBL762,OXYMETAZOLINE,"[""Small molecule""]",1986,False,False,False,True,True,"[""ADRA1B"", ""ADRA1D"", ""ADRA2A"", ""ADRA2C""]","[""ADRA2A""]",[],[],"[[""CHEMBL2095203"", ""AGONIST""]]",0,0.21032116470427323,0.1682569317634186,0.1682569317634186,88,88,88
CHEMBL770,TOLAZOLINE,"[""Small molecule""]",1985,False,False,False,True,True,"[""ADRA1B"", ""ADRA1D"", ""ADRA2A"", ""ADRA2C"", ""HRH2""]","[""ADRA2A""]",[],[],"[[""CHEMBL1941"", ""AGONIST""], [""CHEMBL2095203"", ""ANTAGONIST""], [""CHEMBL231"", ""AGONIST""]]",0,0.21032116470427323,0.1682569317634186,0.1682569317634186,89,89,89
CHEMBL778,DEXMEDETOMIDINE,"[""Small molecule""]",1999,False,False,False,True,True,"[""ADRA2A"", ""ADRA2C""]","[""ADRA2A""]",[],[],"[[""CHEMBL2095158"", ""AGONIST""]]",0,0.21032116470427323,0.1682569317634186,0.1682569317634186,90,90,90
CHEMBL844,BRIMONIDINE,"[""Small molecule""]",1996,False,False,False,True,True,"[""ADRA2A"", ""ADRA2C""]","[""ADRA2A""]",[],[],"[[""CHEMBL2095158"", ""AGONIST""]]",0,0.21032116470427323,0.1682569317634186,0.1682569317634186,91,91,91
CHEMBL862,GUANFACINE,"[""Small molecule""]",1986,False,False,False,True,True,"[""ADRA2A"", ""ADRA2C""]","[""ADRA2A""]",[],[],"[[""CHEMBL2095158"", ""AGONIST""]]",0,0.21032116470427323,0.1682569317634186,0.1682569317634186,92,92,92
CHEMBL2107884,RESLIZUMAB,"[""Antibody""]",2016,False,False,False,True,True,"[""IL5""]","[""IL5""]",[],[],"[[""CHEMBL1169600"", ""INHIBITOR""]]",0,0.2021214821554497,0.16169718572435976,0.16169718572435976,93,93,93
CHEMBL2108429,MEPOLIZUMAB,"[""Antibody""]",2015,False,False,False,True,True,"[""IL5""]","[""IL5""]",[],[],"[[""CHEMBL1169600"", ""INHIBITOR""]]",0,0.2021214821554497,0.16169718572435976,0.16169718572435976,94,94,94
CHEMBL585,TRIAMTERENE,"[""Small molecule""]",1964,False,False,False,True,True,"[""SCNN1A"", ""SCNN1B"", ""SCNN1G""]","[""SCNN1A""]",[],[],"[[""CHEMBL2107836"", ""BLOCKER""]]",0,0.13046159223057452,0.11610572405697137,0.11610572405697137,95,95,95
CHEMBL945,AMILORIDE,"[""Small molecule""]",1981,False,False,False,True,True,"[""SCNN1A"", ""SCNN1B"", ""SCNN1G""]","[""SCNN1A""]",[],[],"[[""CHEMBL2107836"", ""BLOCKER""]]",0,0.13046159223057452,0.11610572405697137,0.11610572405697137,96,96,96
CHEMBL1743035,LEBRIKIZUMAB,"[""Antibody""]",2023,False,False,False,True,True,"[""IL13""]","[""IL13""]",[],[],"[[""CHEMBL3580486"", ""INHIBITOR""]]",0,0.12558738153650506,0.11091477555888493,0.11091477555888493,97,97,97
CHEMBL1743081,TRALOKINUMAB,"[""Antibody""]",2021,False,False,False,True,True,"[""IL13""]","[""IL13""]",[],[],"[[""CHEMBL3580486"", ""INHIBITOR""]]",0,0.12558738153650506,0.11091477555888493,0.11091477555888493,98,98,98
CHEMBL4299940,MITAPIVAT,"[""Small molecule""]",2022,False,False,False,True,True,"[""PKLR""]","[""PKLR""]",[],[],"[[""CHEMBL1075126"", ""ACTIVATOR""]]",0,0.03168964941826613,0.10980710185788803,0.10980710185788803,119,99,99
CHEMBL1789844,IPILIMUMAB,"[""Antibody""]",2011,False,False,False,True,True,"[""CTLA4""]","[""CTLA4""]",[],[],"[[""CHEMBL2364164"", ""INHIBITOR""]]",1,0.10998115161101653,0.09982636208483411,0.09982636208483411,99,100,100
CHEMBL2108658,TREMELIMUMAB,"[""Antibody""]",2022,False,False,False,True,True,"[""CTLA4""]","[""CTLA4""]",[],[],"[[""CHEMBL2364164"", ""INHIBITOR""]]",0,0.10998115161101653,0.09982636208483411,0.09982636208483411,100,101,101
CHEMBL3989977,EMAPALUMAB,"[""Antibody""]",2018,False,False,False,True,True,"[""IFNG""]","[""IFNG""]",[],[],"[[""CHEMBL3286073"", ""INHIBITOR""]]",0,0.06118563341862505,0.09373537699612935,0.09373537699612935,113,102,102
CHEMBL3707229,TEZEPELUMAB,"[""Antibody""]",2021,False,False,False,True,True,"[""TSLP""]","[""TSLP""]",[],[],"[[""CHEMBL3712931"", ""INHIBITOR""]]",0,0.1097122321181281,0.08776978569450249,0.08776978569450249,101,103,103
CHEMBL3545191,EVINACUMAB,"[""Antibody""]",2021,False,False,False,True,True,"[""ANGPTL3""]","[""ANGPTL3""]",[],[],"[[""CHEMBL3710485"", ""INHIBITOR""]]",0,0.10756875739610522,0.08605500591688418,0.08605500591688418,102,104,104
CHEMBL24828,VANDETANIB,"[""Small molecule""]",2011,False,False,False,True,True,"[""EPHA4"", ""EPHA5"", ""EPHA6"", ""EPHA7"", ""ERBB3"", ""FLT1"", ""KDR"", ""PTK6"", ""TEK""]","[""ERBB3""]",[],[],"[[""CHEMBL2041"", ""INHIBITOR""], [""CHEMBL2095227"", ""INHIBITOR""], [""CHEMBL2363043"", ""INHIBITOR""], [""CHEMBL2363049"", ""INHIBITOR""], [""CHEMBL267"", ""INHIBITOR""], [""CHEMBL4128"", ""INHIBITOR""], [""CHEMBL4601"", ""INHIBITOR""]]",0,0.10647772463174865,0.08518217970539893,0.08518217970539893,103,105,105
CHEMBL4298025,ZENOCUTUZUMAB,"[""Antibody""]",,False,False,False,True,True,"[""ERBB3""]","[""ERBB3""]",[],[],"[[""CHEMBL4630723"", ""INHIBITOR""]]",0,0.10647772463174865,0.08518217970539893,0.08518217970539893,104,106,106
CHEMBL319144,MINODRONIC ACID,"[""Small molecule""]",,False,False,False,True,True,"[""FDPS""]","[""FDPS""]",[],[],"[[""CHEMBL1782"", ""INHIBITOR""]]",0,0.09220896409440398,0.07376717127552318,0.07376717127552318,105,107,107
CHEMBL834,PAMIDRONIC ACID,"[""Small molecule""]",1991,False,False,False,True,True,"[""FDPS""]","[""FDPS""]",[],[],"[[""CHEMBL1782"", ""INHIBITOR""]]",0,0.09220896409440398,0.07376717127552318,0.07376717127552318,106,108,108
CHEMBL870,ALENDRONIC ACID,"[""Small molecule""]",1995,False,False,False,True,True,"[""FDPS""]","[""FDPS""]",[],[],"[[""CHEMBL1782"", ""INHIBITOR""]]",0,0.09220896409440398,0.07376717127552318,0.07376717127552318,107,109,109
CHEMBL923,RISEDRONIC ACID,"[""Small molecule""]",1998,False,False,False,True,True,"[""FDPS""]","[""FDPS""]",[],[],"[[""CHEMBL1782"", ""INHIBITOR""]]",1,0.09220896409440398,0.07376717127552318,0.07376717127552318,108,110,110
CHEMBL924,ZOLEDRONIC ACID ANHYDROUS,"[""Small molecule""]",2001,False,False,False,True,True,"[""FDPS""]","[""FDPS""]",[],[],"[[""CHEMBL1782"", ""INHIBITOR""]]",1,0.09220896409440398,0.07376717127552318,0.07376717127552318,109,111,111
CHEMBL997,IBANDRONIC ACID,"[""Small molecule""]",1996,False,False,False,True,True,"[""FDPS""]","[""FDPS""]",[],[],"[[""CHEMBL1782"", ""INHIBITOR""]]",0,0.09220896409440398,0.07376717127552318,0.07376717127552318,110,112,112
CHEMBL1535,HYDROXYCHLOROQUINE,"[""Small molecule""]",1955,False,False,False,True,True,"[""TLR9""]","[""TLR9""]",[],[],"[[""CHEMBL5804"", ""ANTAGONIST""], [""CHEMBL5936"", ""ANTAGONIST""]]",1,0.09112278688694553,0.07289822950955642,0.07289822950955642,111,113,113
CHEMBL601719,CRIZOTINIB,"[""Small molecule""]",2011,False,False,False,True,True,"[""MST1R""]","[""MST1R""]",[],[],"[[""CHEMBL2111387"", ""INHIBITOR""], [""CHEMBL2689"", ""INHIBITOR""], [""CHEMBL3717"", ""INHIBITOR""], [""CHEMBL3883330"", ""INHIBITOR""], [""CHEMBL4247"", ""INHIBITOR""], [""CHEMBL5568"", ""INHIBITOR""]]",0,0.07464890862666833,0.059719126901334664,0.059719126901334664,112,114,114
CHEMBL3545185,SELINEXOR,"[""Small molecule""]",2019,False,False,False,True,True,"[""XPO1""]","[""XPO1""]",[],[],"[[""CHEMBL5661"", ""INHIBITOR""]]",0,0.05968953193478378,0.047751625547827026,0.047751625547827026,114,115,115
CHEMBL2108675,DUPILUMAB,"[""Antibody""]",2017,False,False,False,True,True,"[""IL4R""]","[""IL4R""]",[],[],"[[""CHEMBL3580490"", ""ANTAGONIST""]]",0,0.04057336408957546,0.04576979161563679,0.04576979161563679,116,116,116
CHEMBL964,DISULFIRAM,"[""Small molecule""]",1951,False,False,False,True,True,"[""ALDH2""]","[""ALDH2""]",[],[],"[[""CHEMBL1935"", ""INHIBITOR""]]",0,0.051482224195421845,0.04118577935633748,0.04118577935633748,115,117,117
CHEMBL6068330,NOGAPENDEKIN ALFA INBAKICEPT,"[""Protein""]",,False,False,False,True,True,"[""IL15RA"", ""IL2RB"", ""IL2RG""]","[""IL15RA""]",[],[],"[[""CHEMBL4665592"", ""AGONIST""]]",0,0.03782781616521729,0.03568056139656202,0.03568056139656202,117,118,118
CHEMBL1770916,NIROGACESTAT,"[""Small molecule""]",2023,False,False,False,True,True,"[""PSEN2""]","[""PSEN2""]",[],[],"[[""CHEMBL2094135"", ""INHIBITOR""]]",0,0.03409342637851452,0.02727474110281162,0.02727474110281162,118,119,119
