mechanism_signature,drug_ids,drug_names,nct_ids,approved_drug_ids,candidate_drug_ids,direction_covered_drug_ids
"[[""CHEMBL1741305"", ""INHIBITOR""]]","[""CHEMBL2109606""]","[""GSK-1070806""]","[""NCT03681067""]",[],[],[]
"[[""CHEMBL1782"", ""INHIBITOR""]]","[""CHEMBL923"", ""CHEMBL924""]","[""RISEDRONIC ACID"", ""ZOLEDRONIC ACID ANHYDROUS""]","[""NCT00798473"", ""NCT01215890""]","[""CHEMBL923"", ""CHEMBL924""]","[""CHEMBL923"", ""CHEMBL924""]",[]
"[[""CHEMBL1784"", ""AGONIST""], [""CHEMBL4383"", ""AGONIST""]]","[""CHEMBL4297839""]","[""TIRZEPATIDE""]","[""NCT06937099"", ""NCT06976853""]","[""CHEMBL4297839""]",[],[]
"[[""CHEMBL1795129"", ""INHIBITOR""]]","[""CHEMBL1743050"", ""CHEMBL2108589"", ""CHEMBL6068160""]","[""OLOKIZUMAB"", ""CLAZAKIZUMAB"", ""PACIBEKITUG""]","[""NCT01345318"", ""NCT01545050"", ""NCT01635621""]",[],[],[]
"[[""CHEMBL1825"", ""INHIBITOR""]]","[""CHEMBL1201580"", ""CHEMBL1201581"", ""CHEMBL1201831"", ""CHEMBL1201833""]","[""ADALIMUMAB"", ""INFLIXIMAB"", ""CERTOLIZUMAB PEGOL"", ""GOLIMUMAB""]","[""NCT00055497"", ""NCT00077779"", ""NCT00105300"", ""NCT00195715"", ""NCT00207675"", ""NCT00252369"", ""NCT00269841"", ""NCT00269854"", ""NCT00291668"", ""NCT00297648"", ""NCT00307931"", ""NCT00308581"", ""NCT00325078"", ""NCT00329420"", ""NCT00338650"", ""NCT00348283"", ""NCT00354367"", ""NCT00356408"", ""NCT00358683"", ""NCT00409617"", ""NCT00409682"", ""NCT00427921"", ""NCT00445432"", ""NCT00445939"", ""NCT00462072"", ""NCT00517296"", ""NCT00571337"", ""NCT00686374"", ""NCT00736983"", ""NCT00752622"", ""NCT00791557"", ""NCT00796250"", ""NCT00805766"", ""NCT00899678"", ""NCT00972218"", ""NCT01024647"", ""NCT01053559"", ""NCT01070303"", ""NCT01181765"", ""NCT01190410"", ""NCT01235689"", ""NCT01266785"", ""NCT01355614"", ""NCT01438151"", ""NCT01442025"", ""NCT01556672"", ""NCT01562951"", ""NCT01564823"", ""NCT01580670"", ""NCT01674413"", ""NCT01817426"", ""NCT01817972"", ""NCT01880307"", ""NCT01958827"", ""NCT01986127"", ""NCT02015793"", ""NCT02065570"", ""NCT02096861"", ""NCT02148640"", ""NCT02148718"", ""NCT02177071"", ""NCT02185014"", ""NCT02256462"", ""NCT02452151"", ""NCT02499783"", ""NCT02517684"", ""NCT02522169"", ""NCT02597829"", ""NCT02764762"", ""NCT02852694"", ""NCT02871635"", ""NCT02883452"", ""NCT03059849"", ""NCT03220841"", ""NCT03221166"", ""NCT03261102"", ""NCT03464136"", ""NCT03759288"", ""NCT03917303"", ""NCT04131322"", ""NCT04530877"", ""NCT04643483"", ""NCT04646187"", ""NCT04655807"", ""NCT04835506"", ""NCT05043870"", ""NCT05072782"", ""NCT05242471"", ""NCT05552287"", ""NCT05660746"", ""NCT05813860"", ""NCT05906576"", ""NCT06045754"", ""NCT06059989"", ""NCT06064864"", ""NCT06113913"", ""NCT06180382"", ""NCT06758024"", ""NCT07149441"", ""NCT07415473"", ""NCT07417696""]","[""CHEMBL1201580"", ""CHEMBL1201581"", ""CHEMBL1201831"", ""CHEMBL1201833""]",[],[]
"[[""CHEMBL1829"", ""INHIBITOR""], [""CHEMBL1865"", ""INHIBITOR""], [""CHEMBL1937"", ""INHIBITOR""], [""CHEMBL325"", ""INHIBITOR""]]","[""CHEMBL98""]","[""VORINOSTAT""]","[""NCT03167437""]","[""CHEMBL98""]",[],[]
"[[""CHEMBL1875"", ""AGONIST""]]","[""CHEMBL117287""]","[""PRUCALOPRIDE""]","[""NCT02806206""]","[""CHEMBL117287""]",[],[]
"[[""CHEMBL1902"", ""INHIBITOR""]]","[""CHEMBL269732"", ""CHEMBL413""]","[""TACROLIMUS ANHYDROUS"", ""SIROLIMUS""]","[""NCT01233570"", ""NCT01570348"", ""NCT02675153"", ""NCT04154735""]","[""CHEMBL269732"", ""CHEMBL413""]",[],[]
"[[""CHEMBL1907599"", ""INHIBITOR""], [""CHEMBL2095184"", ""INHIBITOR""]]","[""CHEMBL1201607""]","[""NATALIZUMAB""]","[""NCT00032786"", ""NCT00032799"", ""NCT00055367"", ""NCT00055536"", ""NCT00078611"", ""NCT00280956"", ""NCT00801125""]","[""CHEMBL1201607""]",[],[]
"[[""CHEMBL1909490"", ""INHIBITOR""], [""CHEMBL3580496"", ""INHIBITOR""]]","[""CHEMBL4594518""]","[""LUTIKIZUMAB""]","[""NCT06548542""]",[],[],[]
"[[""CHEMBL1912"", ""INHIBITOR""]]","[""CHEMBL1201587""]","[""ALEMTUZUMAB""]","[""NCT00692939"", ""NCT04154735""]","[""CHEMBL1201587""]",[],[]
"[[""CHEMBL1957"", ""AGONIST""]]","[""CHEMBL1201716""]","[""MECASERMIN""]","[""NCT00764699""]","[""CHEMBL1201716""]",[],[]
"[[""CHEMBL1972"", ""ANTAGONIST""], [""CHEMBL287"", ""AGONIST""]]","[""CHEMBL52440""]","[""DEXTROMETHORPHAN""]","[""NCT02760615""]","[""CHEMBL52440""]",[],[]
"[[""CHEMBL1975"", ""INHIBITOR""]]","[""CHEMBL2108811""]","[""VISILIZUMAB""]","[""NCT00267709"", ""NCT00267722""]",[],[],[]
"[[""CHEMBL1976"", ""AGONIST""]]","[""CHEMBL1201621""]","[""SOMATROPIN""]","[""NCT00109473"", ""NCT00286689"", ""NCT00511329"", ""NCT01647412""]","[""CHEMBL1201621""]",[],[]
"[[""CHEMBL1977"", ""AGONIST""]]","[""CHEMBL1042"", ""CHEMBL1536"", ""CHEMBL846""]","[""CHOLECALCIFEROL"", ""ERGOCALCIFEROL"", ""CALCITRIOL""]","[""NCT00427804"", ""NCT01692808"", ""NCT02186275"", ""NCT02208310"", ""NCT04308850""]","[""CHEMBL1042"", ""CHEMBL1536"", ""CHEMBL846""]",[],[]
"[[""CHEMBL1980"", ""BLOCKER""], [""CHEMBL2072"", ""BLOCKER""]]","[""CHEMBL1404""]","[""RANOLAZINE""]","[""NCT04456517""]","[""CHEMBL1404""]",[],[]
"[[""CHEMBL1996"", ""AGONIST""]]","[""CHEMBL1201567""]","[""FILGRASTIM""]","[""NCT04224558""]","[""CHEMBL1201567""]",[],[]
"[[""CHEMBL2008"", ""AGONIST""], [""CHEMBL2055"", ""AGONIST""]]","[""CHEMBL25202""]","[""TAMIBAROTENE""]","[""NCT00417391""]","[""CHEMBL25202""]",[],[]
"[[""CHEMBL202"", ""INHIBITOR""]]","[""CHEMBL34259""]","[""METHOTREXATE""]","[""NCT00132899"", ""NCT02177071"", ""NCT02269358"", ""NCT02413047"", ""NCT02764762"", ""NCT02772965"", ""NCT02852694"", ""NCT05040464""]","[""CHEMBL34259""]",[],[]
"[[""CHEMBL2034"", ""AGONIST""]]","[""CHEMBL131"", ""CHEMBL1370"", ""CHEMBL384467"", ""CHEMBL635"", ""CHEMBL650""]","[""PREDNISOLONE"", ""BUDESONIDE"", ""DEXAMETHASONE"", ""PREDNISONE"", ""METHYLPREDNISOLONE""]","[""NCT00265772"", ""NCT00300118"", ""NCT00609752"", ""NCT00796250"", ""NCT01086553"", ""NCT01235689"", ""NCT01277289"", ""NCT01444092"", ""NCT01453946"", ""NCT01783106"", ""NCT01880307"", ""NCT02324699"", ""NCT02517684"", ""NCT03219359"", ""NCT03833596"", ""NCT04224558"", ""NCT04233463"", ""NCT05432934"", ""NCT05587673"", ""NCT06719622"", ""NCT06953791""]","[""CHEMBL131"", ""CHEMBL1370"", ""CHEMBL384467"", ""CHEMBL635"", ""CHEMBL650""]",[],[]
"[[""CHEMBL2058"", ""BINDING AGENT""]]","[""CHEMBL1201576""]","[""RITUXIMAB""]","[""NCT00692939"", ""NCT06986382""]","[""CHEMBL1201576""]",[],[]
"[[""CHEMBL2072"", ""BLOCKER""]]","[""CHEMBL1098""]","[""BUPIVACAINE""]","[""NCT03723447""]","[""CHEMBL1098""]",[],[]
"[[""CHEMBL2093863"", ""INHIBITOR""]]","[""CHEMBL332750""]","[""TETOMILAST""]","[""NCT00989573""]",[],[],[]
"[[""CHEMBL2093865"", ""INHIBITOR""]]","[""CHEMBL1213492""]","[""GIVINOSTAT""]","[""NCT00792740""]","[""CHEMBL1213492""]","[""CHEMBL1213492""]",[]
"[[""CHEMBL2093872"", ""POSITIVE ALLOSTERIC MODULATOR""]]","[""CHEMBL655""]","[""MIDAZOLAM""]","[""NCT01489943"", ""NCT02760615""]","[""CHEMBL655""]",[],[]
"[[""CHEMBL2094253"", ""INHIBITOR""], [""CHEMBL215"", ""INHIBITOR""], [""CHEMBL235"", ""AGONIST""]]","[""CHEMBL704""]","[""MESALAMINE""]","[""NCT00300118"", ""NCT00862121"", ""NCT01514240"", ""NCT01696942"", ""NCT02335281"", ""NCT02769494""]","[""CHEMBL704""]",[],[]
"[[""CHEMBL2094253"", ""INHIBITOR""], [""CHEMBL2243"", ""INHIBITOR""], [""CHEMBL4794"", ""OPENER""]]","[""CHEMBL112""]","[""ACETAMINOPHEN""]","[""NCT04224558""]","[""CHEMBL112""]",[],[]
"[[""CHEMBL2094257"", ""ANTAGONIST""], [""CHEMBL2363066"", ""INHIBITOR""]]","[""CHEMBL628""]","[""PENTOXIFYLLINE""]","[""NCT02953275""]","[""CHEMBL628""]","[""CHEMBL628""]",[]
"[[""CHEMBL2095173"", ""INHIBITOR""]]","[""CHEMBL1503""]","[""OMEPRAZOLE""]","[""NCT01489943"", ""NCT02760615""]","[""CHEMBL1503""]",[],[]
"[[""CHEMBL2095181"", ""ANTAGONIST""]]","[""CHEMBL19019""]","[""NALTREXONE""]","[""NCT00663117"", ""NCT00715117"", ""NCT01810185""]","[""CHEMBL19019""]",[],[]
"[[""CHEMBL2095184"", ""INHIBITOR""]]","[""CHEMBL1743087"", ""CHEMBL3137351""]","[""VEDOLIZUMAB"", ""ABRILUMAB""]","[""NCT00619489"", ""NCT00655135"", ""NCT00783692"", ""NCT01224171"", ""NCT01290042"", ""NCT01696396"", ""NCT02038920"", ""NCT02324699"", ""NCT02425111"", ""NCT02559713"", ""NCT02611817"", ""NCT02620046"", ""NCT02630966"", ""NCT02646683"", ""NCT02743806"", ""NCT02760615"", ""NCT02764762"", ""NCT02768532"", ""NCT02820493"", ""NCT02834754"", ""NCT02862132"", ""NCT02913508"", ""NCT02953275"", ""NCT03138655"", ""NCT03142321"", ""NCT03196427"", ""NCT03219359"", ""NCT03234907"", ""NCT04738942"", ""NCT04779320"", ""NCT04804540"", ""NCT04919252"", ""NCT05442567"", ""NCT05837897"", ""NCT06045754"", ""NCT06100289"", ""NCT06180382"", ""NCT06227910"", ""NCT06257706"", ""NCT06405087"", ""NCT06581328""]","[""CHEMBL1743087""]",[],[]
"[[""CHEMBL2095215"", ""INHIBITOR""], [""CHEMBL2363042"", ""INHIBITOR""]]","[""CHEMBL1096882"", ""CHEMBL1750""]","[""FLUDARABINE PHOSPHATE"", ""CLOFARABINE""]","[""NCT01570348"", ""NCT06986382""]","[""CHEMBL1096882"", ""CHEMBL1750""]",[],[]
"[[""CHEMBL2095229"", ""BLOCKER""]]","[""CHEMBL6966""]","[""VERAPAMIL""]","[""NCT01261286""]","[""CHEMBL6966""]",[],[]
"[[""CHEMBL2111329"", ""ANTAGONIST""]]","[""CHEMBL113""]","[""CAFFEINE""]","[""NCT02760615""]","[""CHEMBL113""]",[],[]
"[[""CHEMBL2111369"", ""INHIBITOR""]]","[""CHEMBL1456"", ""CHEMBL866""]","[""MYCOPHENOLATE MOFETIL"", ""MYCOPHENOLIC ACID""]","[""NCT01570348""]","[""CHEMBL1456"", ""CHEMBL866""]",[],[]
"[[""CHEMBL2148"", ""INHIBITOR""], [""CHEMBL2835"", ""INHIBITOR""], [""CHEMBL2971"", ""INHIBITOR""], [""CHEMBL3553"", ""INHIBITOR""]]","[""CHEMBL3301607"", ""CHEMBL3622821""]","[""FILGOTINIB"", ""UPADACITINIB""]","[""NCT02048618"", ""NCT02365649"", ""NCT02782663"", ""NCT02914561"", ""NCT02914600"", ""NCT03046056"", ""NCT03077412"", ""NCT03345823"", ""NCT03345836"", ""NCT03345849"", ""NCT06227910"", ""NCT06332534"", ""NCT06902987"", ""NCT07149467"", ""NCT07510191""]","[""CHEMBL3301607"", ""CHEMBL3622821""]","[""CHEMBL3301607""]",[]
"[[""CHEMBL2148"", ""INHIBITOR""], [""CHEMBL4296642"", ""INHIBITOR""]]","[""CHEMBL4085457""]","[""RITLECITINIB""]","[""NCT03395184""]","[""CHEMBL4085457""]",[],[]
"[[""CHEMBL218"", ""NEGATIVE ALLOSTERIC MODULATOR""]]","[""CHEMBL190461""]","[""CANNABIDIOL""]","[""NCT01037322"", ""NCT03467620""]","[""CHEMBL190461""]",[],[]
"[[""CHEMBL222"", ""INHIBITOR""], [""CHEMBL228"", ""INHIBITOR""]]","[""CHEMBL629""]","[""AMITRIPTYLINE""]","[""NCT07556718""]","[""CHEMBL629""]",[],[]
"[[""CHEMBL227"", ""ANTAGONIST""]]","[""CHEMBL191""]","[""LOSARTAN""]","[""NCT02760615""]","[""CHEMBL191""]",[],[]
"[[""CHEMBL2274"", ""MODULATOR""], [""CHEMBL3230"", ""MODULATOR""], [""CHEMBL4333"", ""AGONIST""], [""CHEMBL4333"", ""MODULATOR""]]","[""CHEMBL3358920""]","[""ETRASIMOD""]","[""NCT04173273""]","[""CHEMBL3358920""]",[],[]
"[[""CHEMBL2274"", ""MODULATOR""], [""CHEMBL4333"", ""MODULATOR""]]","[""CHEMBL3707247""]","[""OZANIMOD""]","[""NCT02531113"", ""NCT03440372"", ""NCT03440385"", ""NCT03464097"", ""NCT03467958"", ""NCT05470985""]","[""CHEMBL3707247""]",[],[]
"[[""CHEMBL230"", ""INHIBITOR""]]","[""CHEMBL118""]","[""CELECOXIB""]","[""NCT00177866""]","[""CHEMBL118""]",[],[]
"[[""CHEMBL231"", ""ANTAGONIST""]]","[""CHEMBL643"", ""CHEMBL657""]","[""PROMETHAZINE"", ""DIPHENHYDRAMINE""]","[""NCT02765256"", ""NCT04224558""]","[""CHEMBL643"", ""CHEMBL657""]",[],[]
"[[""CHEMBL235"", ""AGONIST""]]","[""CHEMBL595""]","[""PIOGLITAZONE""]","[""NCT01489943""]","[""CHEMBL595""]",[],[]
"[[""CHEMBL2362992"", ""INHIBITOR""]]","[""CHEMBL1425"", ""CHEMBL1542""]","[""MERCAPTOPURINE ANHYDROUS"", ""AZATHIOPRINE""]","[""NCT00098111"", ""NCT00113503"", ""NCT00774982"", ""NCT00796250"", ""NCT01015391"", ""NCT01094613"", ""NCT01235689"", ""NCT01564823"", ""NCT01802593"", ""NCT01817972"", ""NCT01823042"", ""NCT01880307"", ""NCT02177071"", ""NCT02413047"", ""NCT02517684"", ""NCT05040464"", ""NCT05813860""]","[""CHEMBL1425"", ""CHEMBL1542""]",[],[]
"[[""CHEMBL2363041"", ""MODULATOR""]]","[""CHEMBL3707375""]","[""AMISELIMOD HYDROCHLORIDE""]","[""NCT02148185"", ""NCT02378688"", ""NCT02389790""]",[],[],[]
"[[""CHEMBL2363062"", ""INHIBITOR""]]","[""CHEMBL221959"", ""CHEMBL4650343""]","[""TOFACITINIB"", ""IZENCITINIB""]","[""NCT00615199"", ""NCT01393626"", ""NCT01393899"", ""NCT01470599"", ""NCT03635112""]","[""CHEMBL221959""]","[""CHEMBL221959""]",[]
"[[""CHEMBL2364153"", ""INHIBITOR""], [""CHEMBL2364154"", ""INHIBITOR""]]","[""CHEMBL1201835"", ""CHEMBL1742995""]","[""USTEKINUMAB"", ""BRIAKINUMAB""]","[""NCT00007163"", ""NCT00265122"", ""NCT00562887"", ""NCT00771667"", ""NCT01369355"", ""NCT02877134"", ""NCT02968108"", ""NCT03107793"", ""NCT03167437"", ""NCT03464136"", ""NCT03466411"", ""NCT03782376"", ""NCT03926130"", ""NCT04245215"", ""NCT04496063"", ""NCT04524611"", ""NCT04629196"", ""NCT04655807"", ""NCT04673357"", ""NCT04978493"", ""NCT05029921"", ""NCT05299931"", ""NCT06045754"", ""NCT07177118"", ""NCT07303686""]","[""CHEMBL1201835""]",[],[]
"[[""CHEMBL2364154"", ""INHIBITOR""]]","[""CHEMBL2364648"", ""CHEMBL3833372"", ""CHEMBL3990014"", ""CHEMBL3990029""]","[""GUSELKUMAB"", ""BRAZIKUMAB"", ""MIRIKIZUMAB"", ""RISANKIZUMAB""]","[""NCT01258205"", ""NCT01714726"", ""NCT02031276"", ""NCT02513459"", ""NCT02574637"", ""NCT02891226"", ""NCT03104413"", ""NCT03105102"", ""NCT03105128"", ""NCT03466411"", ""NCT03926130"", ""NCT04232553"", ""NCT04254783"", ""NCT04397263"", ""NCT04524611"", ""NCT04844606"", ""NCT05242471"", ""NCT05347095"", ""NCT05509777"", ""NCT05784129"", ""NCT05923073"", ""NCT05995353"", ""NCT06063967"", ""NCT06298188"", ""NCT06408935"", ""NCT06548542"", ""NCT06937099"", ""NCT06997965"", ""NCT07059130"", ""NCT07177118"", ""NCT07310095"", ""NCT07483073"", ""NCT07483099"", ""NCT07499232"", ""NCT07577843"", ""NCT07616687"", ""NCT07697456"", ""NCT07782021""]","[""CHEMBL2364648"", ""CHEMBL3990014"", ""CHEMBL3990029""]",[],[]
"[[""CHEMBL2364156"", ""INHIBITOR""], [""CHEMBL2364157"", ""INHIBITOR""]]","[""CHEMBL1201823""]","[""ABATACEPT""]","[""NCT00406653""]","[""CHEMBL1201823""]",[],[]
"[[""CHEMBL2364162"", ""INHIBITOR""]]","[""CHEMBL1237023""]","[""DENOSUMAB""]","[""NCT02321280""]","[""CHEMBL1237023""]","[""CHEMBL1237023""]",[]
"[[""CHEMBL2364164"", ""INHIBITOR""]]","[""CHEMBL1789844""]","[""IPILIMUMAB""]","[""NCT03816345""]","[""CHEMBL1789844""]","[""CHEMBL1789844""]",[]
"[[""CHEMBL2364167"", ""AGONIST""]]","[""CHEMBL1201438""]","[""ALDESLEUKIN""]","[""NCT01988506"", ""NCT02676622"", ""NCT04263831""]","[""CHEMBL1201438""]","[""CHEMBL1201438""]",[]
"[[""CHEMBL2364168"", ""INHIBITOR""]]","[""CHEMBL1743020""]","[""FORALUMAB""]","[""NCT05028946""]",[],[],[]
"[[""CHEMBL2364170"", ""AGONIST""]]","[""CHEMBL1201562""]","[""INTERFERON BETA-1A""]","[""NCT00304252""]","[""CHEMBL1201562""]",[],[]
"[[""CHEMBL238"", ""INHIBITOR""]]","[""CHEMBL1373""]","[""MODAFINIL""]","[""NCT07295834"", ""NCT07582458""]","[""CHEMBL1373""]",[],[]
"[[""CHEMBL242"", ""AGONIST""]]","[""CHEMBL450940""]","[""PRINABEREL""]","[""NCT00245947""]",[],[],[]
"[[""CHEMBL253"", ""AGONIST""]]","[""CHEMBL4175981""]","[""OLORINAB""]","[""NCT03155945""]",[],[],[]
"[[""CHEMBL260"", ""INHIBITOR""]]","[""CHEMBL103667"", ""CHEMBL2107779""]","[""DORAMAPIMOD"", ""SEMAPIMOD""]","[""NCT00038766"", ""NCT00739986"", ""NCT00740103"", ""NCT00741910"", ""NCT02209792""]",[],[],[]
"[[""CHEMBL279"", ""INHIBITOR""], [""CHEMBL3717"", ""INHIBITOR""]]","[""CHEMBL2105717""]","[""CABOZANTINIB""]","[""NCT03816345""]","[""CHEMBL2105717""]",[],[]
"[[""CHEMBL280"", ""INHIBITOR""], [""CHEMBL332"", ""INHIBITOR""], [""CHEMBL4073"", ""INHIBITOR""], [""CHEMBL4588"", ""INHIBITOR""]]","[""CHEMBL1433""]","[""DOXYCYCLINE ANHYDROUS""]","[""NCT01783106""]","[""CHEMBL1433""]",[],[]
"[[""CHEMBL2835"", ""INHIBITOR""], [""CHEMBL3553"", ""INHIBITOR""]]","[""CHEMBL4297477""]","[""BREPOCITINIB""]","[""NCT03395184""]",[],[],[]
"[[""CHEMBL2979"", ""ANTAGONIST""]]","[""CHEMBL1743015""]","[""ETROLIZUMAB""]","[""NCT02394028"", ""NCT02403323"", ""NCT03478956""]",[],[],[]
"[[""CHEMBL321"", ""INHIBITOR""]]","[""CHEMBL3833374""]","[""ANDECALIXIMAB""]","[""NCT02405442""]",[],[],[]
"[[""CHEMBL3307223"", ""INHIBITOR""]]","[""CHEMBL2108738""]","[""NIVOLUMAB""]","[""NCT03656627"", ""NCT03816345""]","[""CHEMBL2108738""]",[],[]
"[[""CHEMBL3390822"", ""INHIBITOR""]]","[""CHEMBL1743068""]","[""SECUKINUMAB""]","[""NCT00584740"", ""NCT01009281""]","[""CHEMBL1743068""]",[],[]
"[[""CHEMBL3553"", ""NEGATIVE ALLOSTERIC MODULATOR""]]","[""CHEMBL4596392""]","[""CRAVACITINIB""]","[""NCT03599622"", ""NCT04877990""]","[""CHEMBL4596392""]","[""CHEMBL4596392""]",[]
"[[""CHEMBL3580485"", ""ANTAGONIST""]]","[""CHEMBL1742996""]","[""BRODALUMAB""]","[""NCT01150890"", ""NCT01199302""]","[""CHEMBL1742996""]",[],[]
"[[""CHEMBL3580486"", ""INHIBITOR""]]","[""CHEMBL2109465""]","[""QAX-576""]","[""NCT01355614""]",[],[],[]
"[[""CHEMBL3580493"", ""INHIBITOR""]]","[""CHEMBL2108018""]","[""ADECATUMUMAB""]","[""NCT07113522""]",[],[],[]
"[[""CHEMBL3712914"", ""INHIBITOR""]]","[""CHEMBL4802198""]","[""QUISOVALIMAB""]","[""NCT03169894""]",[],[],[]
"[[""CHEMBL3833061"", ""INHIBITOR""]]","[""CHEMBL468""]","[""THALIDOMIDE""]","[""NCT00720538"", ""NCT02501291"", ""NCT02956538"", ""NCT02998827"", ""NCT03221166""]",[],[],[]
"[[""CHEMBL3833061"", ""INHIBITOR""], [""CHEMBL3833061"", ""MODULATOR""]]","[""CHEMBL848""]","[""LENALIDOMIDE""]","[""NCT00446433""]","[""CHEMBL848""]",[],[]
"[[""CHEMBL3884"", ""INHIBITOR""]]","[""CHEMBL2107830""]","[""EMPAGLIFLOZIN""]","[""NCT05078879""]","[""CHEMBL2107830""]",[],[]
"[[""CHEMBL402"", ""INHIBITOR""]]","[""CHEMBL1144"", ""CHEMBL1487"", ""CHEMBL1496""]","[""PRAVASTATIN"", ""ATORVASTATIN"", ""ROSUVASTATIN""]","[""NCT00454545"", ""NCT00599625"", ""NCT01489943""]","[""CHEMBL1144"", ""CHEMBL1487"", ""CHEMBL1496""]",[],[]
"[[""CHEMBL4142"", ""AGONIST""]]","[""CHEMBL1201821""]","[""PALIFERMIN""]","[""NCT06986382""]","[""CHEMBL1201821""]",[],[]
"[[""CHEMBL4467"", ""INHIBITOR""]]","[""CHEMBL2109511""]","[""ONTAMALIMAB""]","[""NCT01298492"", ""NCT03283085"", ""NCT03559517"", ""NCT03566823"", ""NCT03627091""]",[],[],[]
"[[""CHEMBL4630883"", ""INHIBITOR""]]","[""CHEMBL4297942""]","[""QUETMOLIMAB""]","[""NCT02039063"", ""NCT02249078"", ""NCT03733314""]",[],[],[]
"[[""CHEMBL4665586"", ""BINDING AGENT""]]","[""CHEMBL4297797""]","[""NNC0114-0006""]","[""NCT01751152""]",[],[],[]
"[[""CHEMBL4665589"", ""MODULATOR""]]","[""CHEMBL4297344""]","[""OBEFAZIMOD""]","[""NCT03905109"", ""NCT06456593""]",[],[],[]
"[[""CHEMBL4665591"", ""ANTAGONIST""]]","[""CHEMBL4297911""]","[""SPESOLIMAB""]","[""NCT03752970"", ""NCT04362254"", ""NCT05013385""]","[""CHEMBL4297911""]",[],[]
"[[""CHEMBL5804"", ""ANTAGONIST""], [""CHEMBL5936"", ""ANTAGONIST""]]","[""CHEMBL1535""]","[""HYDROXYCHLOROQUINE""]","[""NCT01783106""]","[""CHEMBL1535""]","[""CHEMBL1535""]",[]
"[[""CHEMBL5815"", ""ANTAGONIST""]]","[""CHEMBL2178578""]","[""VERCIRNON""]","[""NCT00102921"", ""NCT00306215"", ""NCT01277666"", ""NCT01316939"", ""NCT01318993"", ""NCT01489943"", ""NCT01536418"", ""NCT01827631""]",[],[],[]
"[[""CHEMBL5844"", ""AGONIST""]]","[""CHEMBL2104987""]","[""TEDUGLUTIDE""]","[""NCT00072839"", ""NCT00308438""]","[""CHEMBL2104987""]",[],[]
