intervention_name,occurrences
Sargramostim (Leukine),8
BMS-936557 (Anti-IP-10 Antibody),5
V565,5
PF-00547659 SC injection,4
Certolizumab Pegol (CDP870),4
AZD7798,4
MSC-AFP,3
Certolizumab pegol (CZP),3
Vitamin D,3
G-CSF,3
Ontunisertib,3
PF-04236921 SC injection,3
Mesenchymal Stem Cells (MSCs),2
STA-5326,2
Fecal Microbiota Transplantation,2
Immunosuppressive Agents,2
Mesenchymal stem cells,2
VSL#3,2
ExoFlo,2
STA-5326 mesylate,2
[11C]AZ14132516,2
Mesenchymal Stem Cells,2
Delayed Release 6 mercaptopurine,2
HM201,2
Fecal Microbiota Transplant (FMT),2
Guselkumab Dose 1,2
Guselkumab Dose 2,2
Guselkumab Dose 3,2
LY4395089,2
DB-3Q,2
Anti-TNF discontinuation: Physiological saline solution,2
Fecal Microbiota Transplantation (FMT),2
Fecal Microbiota Transplant,2
Group 2 ustekinumab 130 mg,2
Group 3: ustekinumab approximately 6 mg/kg,2
Cimzia,2
JNJ-78934804,2
Antibiotics,1
FMT,1
mobilization of stem cells to prepare for Leukapheresis,1
Preparative regimen 4-6 weeks after Leukapheresis,1
mesenchymal cell transplantation,1
mesenchymal cell and fibroblast injection,1
Adalimumab Solution for Injection,1
"anti-TL1A monoclonal antibody, low dose",1
"anti-TL1A monoclonal antibody, medium dose",1
"anti-TL1A monoclonal antibody, high dose",1
standard step-up care,1
EXL01,1
TR004 (Treg immunotherapy),1
MSC injection 01,1
MSC injection 02,1
MICROBIOTA,1
BLI-1300 low dose,1
BLI-1300 high dose,1
Cholecalciferol 400 IU,1
Investigational Product,1
anti-tumour necrosis factor α antibodies,1
Iron supplement 300-600 mg/day,1
Vitamin E 800IU,1
QBECO-SSI,1
Epanova™ (Omega-3 Free Fatty Acids),1
Infliximab and immunosuppressives,1
PROCHYMAL adult human mesenchymal stem cells,1
Active comparator,1
corticosteroid,1
Standard 2 hours-infusion,1
Accelerated 1 hour-infusion,1
Accelerated 30 minutes-infusion,1
CROWN,1
e-Device,1
Mango polyphenolics,1
Continue PPI Therapy,1
Withdraw PPI Therapy,1
Bupivacaine/epinephrine/dexamethasone,1
TyboWe® Adalimumab Injection,1
5-HTP,1
PDA001,1
AdMSC (CellReady®),1
AB (antibiotics),1
CS (corticosteroids) Only,1
Azathioprine / 6 Mercaptopurine,1
TRX103,1
cortecosteroid,1
Human Umbilical Cord Mesenchymal Stem Cells,1
Standart of care,1
Calcitonin nasal spray (salmon),1
"RHB-104 (fixed-dose combination: 95 mg clarithromycin, 45 mg rifabutin, and 10 mg clofazimine)",1
Mesenchymal Stem Cells (MSC),1
anti-Interferon-gamma monoclonal antibody,1
100% Oxygen,1
JNJ-67864238,1
QBECO,1
Caltrate Pill,1
Oral prednisolone,1
Group A,1
ustekinumab and semi enteral nutrition,1
selective intensive induction therapy based on ustekinumab clinical decision-making tools,1
blood sample,1
OD-07656,1
PF2020-CELL (UC-MSCs) - Allogeneic Human Umbilical Cord Mesenchymal Stem Cells,1
Thiopurine,1
Infliximab combined with azathioprine therapy,1
Infliximab monotherapy,1
infliximab+azathioprine,1
methylprednisolone or budesonide,1
Fecal Microbial Transplantation,1
UVADEX and UVAR XTS Photopheresis System,1
Ovasave,1
MBF-118 oral capsules,1
TRK-170,1
infliximab therapeutic drug monitoring,1
IL-23 Therapy,1
Fluoropyrimidine,1
Platinum Compound,1
Platinum Doublet,1
mesenchymal stem cells (MSCs),1
Vedolizumab subcutaneous injection,1
"5-aminosalicylate (Pentasa, Ferring)",1
Anti-TNF therapy,1
Fecal microbiota transplantation,1
TNF Kinoid,1
WFI,1
R-3750,1
OPS-2071,1
ATH-063,1
MORF-057,1
Trichuris suis ova (TSO),1
US TAP Bupivacaine/Epinephrine,1
Lap TAP Bupivacaine/Epinephrine,1
Autologous Stem Cell Transplantation,1
Fecal Microbial transplant,1
rifaximin+omeprazole+miralax,1
Allogeneic Bone Marrow derived Human Mesenchymal Stem Cells (hMSCs),1
L-carnitine,1
Adalimumab (D2E7),1
SAR442970,1
Standard of care treatment,1
"D9421-C, 9mg",1
"D9421-C, 15mg",1
Brazikumab Induction Dose,1
Brazikumab Maintenance Dose,1
Recombinant Human Interleukin-11 (rhIL-11),1
Trichuris suis ova,1
PRV-6527,1
ALLO-ASC,1
10% Metronidazole Ointment,1
Ustekinumab IV - Responder - Ustekinumab 90mg SC (MP),1
Ustekinumab IV - Nonresponder - Ustekinumab 90mg SC (MP),1
Guselkumab Dose 4,1
Guselkumab Dose 5,1
NI-0401 (anti-CD3 mAB),1
Expanded allogenic adipose-derived adult stem cells,1
T2,1
Wellbutrin (bupropion),1
Infliximab or adalimumab or golimumab or vedolizumab or ustekinumab or tofacitinib,1
Cholecalciferol (Vit D3),1
MT-501,1
Autologous Adult Stem Cell-Derived Intestinal Organoid,1
Allogeneic Stem Cell Therapy,1
683699,1
"C326, IL-6 Inhibitory Avimer protein",1
ChAdOx2 HAV,1
MVA HAV,1
N-Acetylglucosamine (GlcNAc),1
"Mesalazine, Tripterygium glycosides",1
infliximab and azathioprine combination at week 0,1
infliximab and azathioprine combination at week 14,1
Low dose TSO,1
Medium dose TSO,1
High dose TSO,1
TDM-based infliximab intravenous therapy,1
Standard infliximab intravenous therapy,1
Delayed Release 6MP or Calcitriol vs. Purinethol,1
BDHK-2009 Tablets,1
Bacteriophage preparation,1
monoclonal antibody cA2,1
Top down treatment if patient at high risk,1
autologous CD34-selected peripheral blood stem cells transplant,1
"certolizumab pegol (CDP870, CZP)",1
AGMB-129,1
EBFAHF-2,1
Adipose derived allogenic mesenchymal stem cells (adAMSC),1
injection of thawed SVF,1
ABBV-701,1
Akkermansia muciniphila + Infliximab,1
CD7 CAR T-cells,1
L2-01 adipose-derived mesenchymal stem cells (MSC),1
Palmitoleic Acid + Infliximab,1
Anti-TNF: Infliximab (Infusion),1
Anti-TNF:Adalimumab (Subcutaneus),1
Mesenchymal stromal cells (MSC) for infusion,1
Top-down,1
Step-up,1
Infliximab with azathioprine (IIFX + AZA),1
Infliximab (IFX alone),1
ABBV-8736,1
Anti-TNF Therapy,1
Stem cells,1
Faecal microbiota transplantation,1
Certolizumab pegol (CDP870),1
"early immunosuppressants (azathioprine, methotrexate)",1
TH-SC01,1
PK-model to decide when to dose Vedolizumab and Ustekinumab,1
Cytochrome P450 (CYP) Substrates,1
"Rifabutin, Clarithromycin, and Clofazimine",1
injection of CNK-UT009,1
"infliximab, azathioprine",1
Infliximab-Innovator,1
Bacteriotherapy,1
CT-P13 SC (Infliximab),1
Frondanol,1
Ustekinumab Injection [Stelara],1
"Cannabidiol , synthetic form",1
Ustekinumab (approximately 6 mg/kg),1
received hormone maintenance therapy,1
TNFa Antagonist - Infliximab,1
TNFa Antagonist - Adalimumab,1
Anti-IL12/23 or anti-IL23 - Ustekinumab,1
Anti-IL12/23 or anti-IL23 - Risankizumab,1
Anti-integrin - Vedolizumab IV,1
Anti-integrin - Vedolizumab IV and SC,1
AVB-114,1
Mesalazine (Mesalamine),1
Vitamin D3,1
QAX567,1
PALI-2108,1
D9421-C capsule 3 mg,1
Dehydroepiandrosterone [DHEA],1
SL-325,1
HMPL004-6599,1
autologous mesenchymal stromal cell,1
smoking of cannabis,1
Azathioprine OR Mesalazine,1
KleanLyte,1
Bi-PegLyte,1
OPC-6535(Tetomilast),1
Human TH-SC01 cell injection,1
Hematopoietic stem cell transplantation,1
Oxygen Gas for Inhalation,1
omeprazole (proton pump inhibitor),1
erythropoietin,1
enteral nutrition.,1
injection of iron,1
Alequel,1
DLX105,1
RHB-104,1
Interleukin 23,1
THC 5mg/ml and CBS 50mg/ml,1
P28GST,1
Corticosteroid,1
"Cannabis, Medical",1
RD06-05 CART Cell Infusion,1
FFP104,1
Synbiotic (Synergy I / B.longum),1
Azathioprine + infliximab,1
BI 706321,1
enteral nutrition,1
Tripterygium glycosides,1
LMT503,1
Active fructo-oligosaccharide,1
Hextend,1
Lactated Ringers,1
SAR441566,1
Routine Treatment of CD,1
MSC treatment 01,1
MSC treatment 02,1
anti-thymocyte globulin (rabbit),1
Peripheral Blood Stem Cell Infusion,1
stromal vascular fraction (SVF),1
Immune Ablation and Hematopoietic Stem Cell Support,1
Colecalciferol D3 (Vigantol Oil),1
80 mg DR-6MP,1
MODULEN IBD (R) (specific Enteral Nutrition),1
Prednisone/Methylprenisolone,1
vitamin D3,1
azathioprine+enteral nutrition,1
Human Placenta-Derived Cells PDA001 Intravenous Infusion,1
Vehicle Control,1
TNFa Kinoid,1
Infliximab Dose Intensification,1
Adalimumab Dose Intensification,1
Standard-Dose infliximab,1
Standard-Dose Adalimumab,1
HB-adMSCs - Hope Biosciences Adipose Derived Mesenchymal Stem Cells,1
0.9% sodium chloride,1
Treatment with Adalimumab,1
High Dose,1
Low Dose,1
Brazikumab low dose,1
Brazikumab high dose,1
Immunosuppressors (Thiopurines or Methotrexate),1
Expanded autologous adipose-derived adult stem cells (eASCs),1
H021 Enteric-coated Tablets Low-dose Group,1
H021 Enteric-coated Tablets High-dose Group,1
certolizumab pegol 400 mg,1
